Employee_ID,Employee_Name,Current_Position,Age,Date_of_Birth,Total_Experience_Years,Tenure_In_Org_Years,Tenure_Other_Orgs_Years,Job Rotation 1,Job Rotation 2,Job Rotation 3,Job_Rotations,Performance_Rating_Last_Year,Total_Promotions,Tenure_Promotions_Ratio,Critical_Role_Readiness,Mobility_Preference,Key_Skill_Area,Business_Unit,Department,Grade,Candidate_For,Age_Tenure_Diff,KF_Strategic_Thinking_Strategic_Vision,KF_Strategic_Thinking_Business_Acumen,KF_Strategic_Thinking_Market_and_External_Awareness,KF_Operational_Excellence_Drive_for_Results,KF_Operational_Excellence_Process_Optimization,KF_Operational_Excellence_Quality_Focus,KF_Decision_Effectiveness_Analytical_Thinking,KF_Decision_Effectiveness_Sound_Judgment,KF_Decision_Effectiveness_Decisiveness_Under_Uncertainty,KF_People_Leadership_Develops_Talent,KF_People_Leadership_Builds_Effective_Teams,KF_People_Leadership_Coaching_Others,KF_Leading_Change_Change_Sponsorship,KF_Leading_Change_Adaptability,KF_Leading_Change_Resilience,KF_Stakeholder_Engagement_Builds_Trust,KF_Stakeholder_Engagement_Customer_Focus,KF_Stakeholder_Engagement_Influences_Others,KF_Positivity_Optimism,KF_Positivity_Situational_Self-Awareness,KF_Positivity_Composure,KF_Striving_Credibility,KF_Striving_Confidence,KF_Striving_Need_for_Achievement,KF_Striving_Persistence,KF_Agreeableness_Affiliation,KF_Agreeableness_Humility,KF_Agreeableness_Trust,KF_Agreeableness_Openness_to_Differences,KF_Agility_Focus,KF_Agility_Curiosity,KF_Agility_Adaptability,KF_Agility_Risk_Taking,KF_Agility_Tolerance_of_Ambiguity,KF_Presence_Empathy,KF_Presence_Assertiveness,KF_Presence_Sociability,KF_Presence_Influence,KF_Learning_Agility_Mental_Agility,KF_Learning_Agility_People_Agility,KF_Learning_Agility_Change_Agility,KF_Learning_Agility_Results_Agility,KF_Learning_Agility_Situational_Self-Awareness,KF_Drivers_Balance,KF_Drivers_Collaboration,KF_Drivers_Power,KF_Drivers_Challenge,KF_Drivers_Structure,KF_Drivers_Independence,KF_Risk_Factor_Avoidant,KF_Risk_Factor_Closed,KF_Risk_Factor_Defensive,KF_Risk_Factor_Egotistic,KF_Risk_Factor_Micro_Managing,KF_Risk_Factor_Opportunistic,KF_Risk_Factor_Restrained,KF_Risk_Factor_Social_Pleaser,KF_Risk_Factor_Solitary,KF_Risk_Factor_Suspicious,KF_Risk_Factor_Volatile
LTM1011,Anahita Borde,Vice President - Finance,58.0,24-05-1966,34.0,11.0,23.0,Innovation Office,HR Business Partnering,HR Business Partnering,3,4.9,7.0,4.857142857142857,,India Only,People Leadership,Enterprise,Finance & Accounting,E1,CIO/CTO,24.0,3.0,3.0,3.0,4.0,3.0,3.0,4.0,4.0,4.0,3.0,4.0,3.0,3.0,4.0,3.0,3.0,3.0,3.0,70.0,61.0,60.0,55.0,74.0,60.0,57.0,58.0,67.0,65.0,66.0,66.0,83.0,58.0,56.0,53.0,68.0,73.0,60.0,53.0,6.5,7.6,7.7,7.6,6.6,42.0,41.0,42.0,46.0,42.0,45.0,2.2,2.4,2.7,1.0,1.8,1.7,1.5,1.9,3.4,1.3,3.0
LTM1001,Mehul Dixit,Senior Director - Sales,42.0,24-05-1966,21.0,11.0,10.0,HR Business Partnering,Data & Analytics,Data & Analytics,3,4.7,8.0,2.625,,Regional,Client Management,Enterprise,Sales & Business Development,M5,COO,21.0,2.0,3.0,3.0,3.0,3.0,3.0,3.0,3.0,3.0,3.0,3.0,3.0,3.0,3.0,3.0,4.0,3.0,4.0,64.0,55.0,62.0,57.0,60.0,60.0,52.0,63.0,53.0,58.0,63.0,62.0,64.0,57.0,54.0,57.0,47.0,49.0,51.0,54.0,6.9,5.9,6.3,7.7,6.3,47.0,35.0,40.0,35.0,39.0,47.0,1.3,3.2,3.0,2.3,1.5,2.9,2.3,3.0,2.8,4.3,2.6
LTM1004,Armaan Garg,Vice President - Product Management,57.0,1968-02-23 00:00:00,32.0,10.0,22.0,Cybersecurity,Cybersecurity,HR Business Partnering,3,4.4,6.0,5.333333333333333,,Regional,Change Management,Enterprise,Technology & Engineering,E1,CHRO,25.0,2.0,2.0,2.0,3.0,3.0,3.0,2.0,2.0,2.0,2.0,2.0,2.0,2.0,2.0,2.0,2.0,2.0,2.0,68.0,77.0,52.0,38.0,27.0,51.0,40.0,44.0,42.0,46.0,58.0,55.0,52.0,43.0,37.0,49.0,47.0,66.0,49.0,58.0,5.5,4.9,5.1,5.3,7.6,22.0,34.0,21.0,34.0,30.0,27.0,4.3,3.7,4.7,3.9,3.2,3.1,4.4,5.7,4.4,4.2,4.5
LTM1003,Shlok Seth,Director - Enterprise Applications,46.0,20-05-1980,23.0,16.0,7.0,Product Engineering,Product Engineering,Product Engineering,3,4.6,8.0,2.875,,Global,Client Management,Enterprise,Technology & Engineering,M4,CFO,23.0,3.0,3.0,3.0,4.0,3.0,4.0,3.0,2.0,2.0,3.0,3.0,3.0,3.0,3.0,2.0,2.0,3.0,3.0,55.0,53.0,58.0,69.0,56.0,61.0,34.0,55.0,47.0,43.0,46.0,58.0,70.0,48.0,61.0,56.0,52.0,65.0,60.0,68.0,6.7,6.3,6.7,7.0,7.0,26.0,35.0,36.0,52.0,47.0,28.0,3.0,1.9,2.7,3.5,4.3,2.6,2.7,1.3,3.1,2.3,2.8
LTM1042,Faiyaz Chaudhry,Vice President - Operations,58.0,23-05-1969,31.0,16.0,15.0,Enterprise Sales,Cybersecurity,Cybersecurity,3,5.0,2.0,15.5,,Regional,Operational Excellence,Enterprise,Operations,E1,CSO (Sales),27.0,3.0,3.0,3.0,4.0,4.0,4.0,4.0,4.0,4.0,3.0,3.0,4.0,4.0,3.0,3.0,4.0,4.0,3.0,63.0,51.0,62.0,62.0,67.0,59.0,69.0,74.0,66.0,68.0,65.0,64.0,57.0,67.0,63.0,85.0,80.0,68.0,57.0,53.0,8.5,7.7,7.9,6.1,8.2,51.0,40.0,44.0,50.0,48.0,46.0,1.6,1.4,1.8,3.0,1.0,1.5,1.8,1.9,1.3,1.0,2.0
LTM1054,Hrishita Bora,Vice President - Consulting,59.0,23-05-1968,30.0,17.0,13.0,Cloud Operations,Business Consulting,Business Consulting,3,4.2,5.0,6.0,,Regional,Digital Transformation,Enterprise,Consulting,E1,Chief Strategy Officer,29.0,3.0,2.0,2.0,1.0,1.0,1.0,1.0,2.0,2.0,3.0,2.0,2.0,2.0,2.0,2.0,2.0,2.0,2.0,52.0,31.0,50.0,40.0,54.0,50.0,61.0,50.0,27.0,42.0,31.0,37.0,57.0,49.0,35.0,32.0,43.0,30.0,36.0,45.0,5.4,5.0,2.7,4.7,4.6,26.0,34.0,8.0,19.0,27.0,12.0,6.5,5.5,5.9,4.7,5.9,6.1,5.4,5.4,5.4,4.4,5.0
LTM1006,Vritika Agate,Chief Strategy Officer,50.0,21-05-1976,28.0,17.0,11.0,Innovation Office,Business Consulting,Business Consulting,3,4.6,7.0,4.0,,Regional,AI Strategy,Enterprise,Strategy & Corporate Development,E2,CSO (Sales),22.0,3.0,3.0,4.0,2.0,3.0,3.0,3.0,3.0,3.0,3.0,3.0,3.0,3.0,3.0,3.0,4.0,3.0,3.0,71.0,50.0,56.0,68.0,39.0,42.0,39.0,47.0,59.0,60.0,58.0,41.0,32.0,56.0,50.0,60.0,62.0,56.0,63.0,57.0,6.7,5.7,6.1,6.4,6.9,31.0,38.0,32.0,33.0,40.0,20.0,2.1,1.9,1.1,2.6,3.9,3.0,3.4,4.2,4.4,3.2,4.5
LTM1093,Dishani Saran,Senior Director - Sales,52.0,23-05-1968,30.0,13.0,17.0,Product Engineering,Product Engineering,Cloud Operations,3,5.0,2.0,15.0,,India Only,Operational Excellence,Enterprise,Sales & Business Development,M5,CHRO,22.0,4.0,3.0,4.0,3.0,3.0,4.0,4.0,4.0,3.0,4.0,3.0,4.0,4.0,3.0,4.0,4.0,4.0,4.0,59.0,70.0,64.0,75.0,76.0,85.0,69.0,51.0,77.0,63.0,77.0,70.0,65.0,69.0,86.0,87.0,73.0,74.0,83.0,64.0,8.0,7.7,8.0,7.1,6.5,34.0,41.0,46.0,47.0,60.0,57.0,1.0,1.8,1.1,1.2,1.7,2.1,1.2,2.5,1.0,1.5,3.8
LTM1060,Riya Kaur,Vice President - Consulting,51.0,24-05-1967,28.0,19.0,9.0,Data & Analytics,Data & Analytics,Data & Analytics,3,4.5,8.0,3.5,,India Only,Strategic Leadership,Enterprise,Consulting,E1,COO,23.0,3.0,3.0,3.0,2.0,2.0,2.0,2.0,2.0,2.0,3.0,3.0,3.0,2.0,2.0,2.0,3.0,2.0,3.0,31.0,36.0,64.0,60.0,43.0,36.0,21.0,45.0,75.0,55.0,45.0,55.0,35.0,48.0,52.0,50.0,58.0,54.0,57.0,44.0,6.3,6.9,4.8,4.9,6.7,29.0,40.0,27.0,40.0,31.0,32.0,5.3,3.5,3.0,3.5,4.3,2.4,4.4,3.4,4.9,1.7,3.1
LTM1044,Tanya Balay,Director - Digital Transformation,55.0,23-05-1970,26.0,5.0,21.0,Business Consulting,Talent Management,Talent Management,3,4.7,4.0,6.5,,Regional,Digital Transformation,Enterprise,Technology & Engineering,M4,Chief Strategy Officer,29.0,2.0,3.0,3.0,3.0,3.0,3.0,3.0,3.0,3.0,3.0,3.0,3.0,3.0,4.0,3.0,3.0,3.0,3.0,45.0,49.0,57.0,61.0,58.0,50.0,67.0,65.0,56.0,51.0,63.0,66.0,49.0,63.0,66.0,55.0,60.0,43.0,71.0,70.0,7.0,7.5,5.3,6.3,7.0,29.0,42.0,50.0,28.0,31.0,38.0,4.3,1.7,3.0,4.5,1.3,1.7,2.4,2.3,3.5,3.0,1.2
LTM1010,Raunak Issac,Senior Director - Delivery,47.0,21-05-1979,23.0,14.0,9.0,Digital Transformation,Digital Transformation,Enterprise Sales,3,5.0,8.0,2.875,,Global,Client Management,Enterprise,Operations,M5,CHRO,24.0,4.0,4.0,4.0,4.0,4.0,4.0,4.0,4.0,4.0,4.0,3.0,4.0,3.0,4.0,3.0,3.0,4.0,4.0,60.0,81.0,62.0,66.0,69.0,60.0,71.0,61.0,62.0,80.0,56.0,42.0,82.0,91.0,62.0,47.0,63.0,63.0,64.0,55.0,8.2,8.2,6.6,8.3,9.4,50.0,47.0,48.0,53.0,37.0,50.0,1.1,3.2,1.3,3.0,1.0,2.0,1.8,1.0,1.7,2.6,1.2
LTM1008,Rohan Bhalla,Vice President - Finance,55.0,1968-03-23 00:00:00,29.0,5.0,24.0,Customer Success,Customer Success,Operations Excellence,3,4.8,2.0,14.5,,Global,Client Management,Enterprise,Finance & Accounting,E1,COO,26.0,2.0,3.0,3.0,3.0,4.0,3.0,3.0,4.0,3.0,2.0,3.0,3.0,3.0,3.0,3.0,3.0,4.0,3.0,63.0,57.0,67.0,65.0,71.0,54.0,54.0,54.0,67.0,74.0,54.0,55.0,62.0,56.0,68.0,36.0,51.0,51.0,36.0,49.0,6.0,6.6,7.6,6.6,5.9,37.0,45.0,31.0,31.0,42.0,36.0,3.1,2.5,3.2,1.6,2.5,2.4,1.4,1.1,3.2,2.2,1.6
LTM1037,Kiara Seshadri,Director - Enterprise Applications,48.0,24-05-1967,28.0,13.0,15.0,Finance Transformation,Finance Transformation,Finance Transformation,3,4.9,7.0,4.0,,Global,Strategic Leadership,Enterprise,Technology & Engineering,M4,CEO,20.0,3.0,4.0,3.0,4.0,4.0,4.0,4.0,4.0,3.0,3.0,4.0,3.0,4.0,3.0,4.0,4.0,4.0,4.0,47.0,41.0,73.0,75.0,53.0,45.0,64.0,73.0,81.0,68.0,60.0,60.0,69.0,66.0,59.0,90.0,81.0,75.0,54.0,72.0,8.5,8.3,9.0,8.5,8.6,46.0,44.0,29.0,42.0,38.0,33.0,3.5,3.5,3.2,2.2,3.2,1.9,2.1,1.0,2.3,2.0,1.0
LTM1075,Prerak Singh,Director - Digital Transformation,48.0,1968-05-11 00:00:00,28.0,16.0,12.0,Enterprise Sales,Cybersecurity,Customer Success,3,4.2,5.0,5.6,,Global,People Leadership,Enterprise,Technology & Engineering,M4,CFO,20.0,2.0,2.0,2.0,3.0,2.0,2.0,2.0,2.0,1.0,2.0,1.0,1.0,2.0,2.0,1.0,2.0,2.0,2.0,54.0,44.0,36.0,33.0,47.0,48.0,57.0,55.0,43.0,32.0,41.0,52.0,48.0,44.0,53.0,45.0,38.0,47.0,40.0,46.0,5.6,4.4,5.0,6.5,4.4,9.0,11.0,24.0,24.0,23.0,32.0,2.6,5.4,6.4,4.0,4.7,4.3,4.2,4.7,6.3,6.7,4.7
LTM1057,Siya Dave,Vice President - Engineering,45.0,22-05-1972,25.0,15.0,10.0,Enterprise Sales,Finance Transformation,Strategic Alliances,3,5.0,5.0,5.0,,Regional,Change Management,Enterprise,Technology & Engineering,E1,Vertical Head,20.0,4.0,4.0,4.0,4.0,4.0,4.0,4.0,4.0,3.0,4.0,3.0,3.0,4.0,4.0,4.0,4.0,4.0,4.0,45.0,71.0,55.0,50.0,64.0,65.0,57.0,73.0,51.0,60.0,58.0,70.0,73.0,60.0,78.0,71.0,45.0,45.0,64.0,62.0,8.0,8.1,8.3,8.9,7.2,34.0,35.0,45.0,51.0,40.0,25.0,1.0,1.0,1.2,1.3,1.7,1.4,2.6,1.1,1.0,2.1,1.0
LTM1056,Aniruddh Yogi,Vice President - Operations,47.0,23-05-1971,27.0,15.0,12.0,Cybersecurity,Strategic Alliances,Strategic Alliances,3,5.0,4.0,6.75,,Regional,Digital Transformation,Enterprise,Operations,E1,Geography Head,20.0,4.0,4.0,3.0,4.0,4.0,4.0,4.0,4.0,4.0,3.0,3.0,4.0,4.0,3.0,4.0,4.0,4.0,4.0,78.0,46.0,61.0,56.0,66.0,59.0,63.0,83.0,63.0,68.0,62.0,65.0,64.0,69.0,76.0,81.0,67.0,70.0,53.0,63.0,8.3,8.2,7.7,8.2,7.9,56.0,50.0,45.0,50.0,27.0,50.0,1.0,1.0,2.1,2.1,1.0,1.0,2.9,1.2,3.7,1.7,2.0
LTM1013,Jiya Batta,Vice President - Customer Success,48.0,24-05-1967,27.0,9.0,18.0,HR Business Partnering,Product Engineering,Digital Transformation,3,5.0,8.0,3.375,,Global,AI Strategy,Enterprise,Sales & Business Development,E1,COO,21.0,4.0,4.0,4.0,3.0,3.0,3.0,3.0,3.0,4.0,4.0,4.0,4.0,4.0,4.0,4.0,3.0,4.0,3.0,50.0,69.0,69.0,49.0,67.0,72.0,68.0,71.0,50.0,68.0,61.0,60.0,73.0,79.0,82.0,77.0,63.0,68.0,72.0,66.0,7.6,8.2,7.5,6.9,7.2,47.0,43.0,45.0,47.0,40.0,48.0,2.0,1.0,3.0,1.2,1.0,1.0,1.0,1.7,1.4,1.4,2.2
LTM1014,Damini Sawhney,Senior Director - Delivery,48.0,1969-12-03 00:00:00,27.0,19.0,8.0,Strategic Alliances,Customer Success,Customer Success,3,4.2,5.0,5.4,,Global,People Leadership,Enterprise,Operations,M5,CEO,21.0,2.0,2.0,2.0,2.0,2.0,2.0,2.0,2.0,2.0,2.0,2.0,2.0,2.0,2.0,2.0,2.0,2.0,2.0,52.0,51.0,34.0,54.0,51.0,45.0,36.0,35.0,39.0,49.0,34.0,48.0,32.0,42.0,45.0,68.0,30.0,59.0,45.0,48.0,4.8,5.1,4.6,5.9,4.4,37.0,24.0,29.0,21.0,32.0,39.0,4.9,4.8,4.0,4.8,3.6,4.2,5.2,6.2,7.5,4.5,6.3
LTM1018,Sahil Mannan,Senior Director - Delivery,48.0,1966-11-04 00:00:00,23.0,10.0,13.0,Enterprise Sales,Customer Success,Finance Transformation,3,4.6,6.0,3.8333333333333335,,Regional,AI Strategy,Enterprise,Operations,M5,CISO,25.0,3.0,3.0,3.0,3.0,3.0,3.0,3.0,3.0,4.0,3.0,3.0,3.0,3.0,3.0,2.0,3.0,3.0,3.0,65.0,67.0,66.0,61.0,61.0,60.0,44.0,62.0,41.0,47.0,68.0,63.0,70.0,52.0,43.0,53.0,56.0,56.0,66.0,51.0,6.5,5.5,6.6,6.3,5.7,37.0,38.0,37.0,51.0,38.0,37.0,1.4,2.4,3.0,2.6,4.5,3.1,4.4,3.3,3.3,3.2,3.3
LTM1064,Chirag Borra,Director - Enterprise Applications,47.0,23-05-1970,26.0,20.0,6.0,Strategic Alliances,Product Engineering,Product Engineering,3,4.7,3.0,8.666666666666666,,India Only,Change Management,Enterprise,Technology & Engineering,M4,CHRO,21.0,4.0,2.0,2.0,3.0,4.0,4.0,3.0,3.0,3.0,3.0,3.0,3.0,3.0,3.0,3.0,3.0,3.0,3.0,33.0,44.0,46.0,54.0,55.0,43.0,48.0,49.0,82.0,76.0,54.0,60.0,52.0,45.0,63.0,54.0,57.0,42.0,50.0,59.0,7.5,7.6,6.2,7.9,6.6,41.0,36.0,27.0,34.0,39.0,41.0,2.7,4.2,3.7,2.6,3.5,4.6,4.6,1.7,2.0,4.1,1.9
LTM1024,Elakshi Bhandari,Senior Director - AI & Data,45.0,1976-06-01 00:00:00,24.0,8.0,16.0,Cybersecurity,Innovation Office,Product Engineering,3,4.5,3.0,8.0,,India Only,AI Strategy,Enterprise,Technology & Engineering,M5,CIO/CTO,21.0,2.0,2.0,3.0,3.0,3.0,3.0,2.0,2.0,3.0,3.0,3.0,2.0,2.0,2.0,2.0,2.0,2.0,2.0,40.0,65.0,52.0,65.0,56.0,60.0,43.0,57.0,60.0,46.0,58.0,64.0,53.0,47.0,46.0,59.0,56.0,44.0,53.0,58.0,7.0,7.7,7.5,5.7,7.8,28.0,39.0,32.0,29.0,19.0,30.0,2.3,4.6,5.1,3.0,4.0,3.0,3.1,4.4,3.7,5.3,3.3
LTM1009,Yakshit Ganesh,AVP - Human Resources,48.0,24-05-1966,26.0,8.0,18.0,Strategic Alliances,Strategic Alliances,Product Engineering,3,4.5,4.0,6.5,,Regional,Strategic Leadership,Enterprise,Human Resources,M5,CFO,22.0,3.0,2.0,3.0,2.0,2.0,2.0,2.0,2.0,2.0,3.0,3.0,3.0,2.0,2.0,2.0,2.0,2.0,3.0,60.0,54.0,69.0,29.0,30.0,59.0,51.0,59.0,43.0,56.0,77.0,59.0,52.0,46.0,47.0,29.0,53.0,59.0,35.0,44.0,4.7,4.9,5.7,4.0,6.1,35.0,28.0,13.0,23.0,39.0,11.0,3.5,2.8,4.6,3.2,4.2,4.4,5.5,3.7,4.2,2.5,4.9
LTM1022,Manikya Chadha,Vice President - Customer Success,47.0,20-05-1981,21.0,18.0,3.0,Strategic Alliances,Strategic Alliances,Strategic Alliances,3,4.5,7.0,3.0,,Regional,Strategic Leadership,Enterprise,Sales & Business Development,E1,CFO,26.0,3.0,3.0,3.0,2.0,2.0,3.0,2.0,2.0,2.0,3.0,2.0,3.0,3.0,3.0,3.0,3.0,2.0,2.0,78.0,48.0,43.0,55.0,55.0,45.0,40.0,74.0,54.0,43.0,60.0,49.0,48.0,56.0,38.0,54.0,70.0,55.0,47.0,46.0,5.3,5.4,5.3,6.4,4.2,36.0,28.0,33.0,22.0,39.0,39.0,4.7,2.5,4.6,4.2,2.4,3.8,4.2,4.4,4.0,4.1,5.2
LTM1017,Ahana  Jha,Senior Director - AI & Data,47.0,24-05-1967,25.0,11.0,14.0,Cloud Operations,Cloud Operations,Cloud Operations,3,4.2,7.0,3.5714285714285716,,Global,Strategic Leadership,Enterprise,Technology & Engineering,M5,CSO (Sales),22.0,2.0,1.0,2.0,2.0,2.0,2.0,2.0,1.0,2.0,1.0,1.0,2.0,2.0,2.0,1.0,2.0,2.0,2.0,50.0,30.0,56.0,41.0,42.0,39.0,38.0,51.0,47.0,51.0,44.0,55.0,46.0,72.0,34.0,63.0,58.0,35.0,66.0,54.0,6.1,5.4,5.2,5.2,5.7,34.0,25.0,18.0,30.0,30.0,29.0,5.7,4.8,4.2,4.2,3.5,5.2,4.9,4.6,2.3,3.9,6.0
LTM1095,Fateh Koshy,Chief Strategy Officer,48.0,1966-04-24 00:00:00,26.0,6.0,20.0,Digital Transformation,Business Consulting,Product Engineering,3,4.8,4.0,6.5,,India Only,AI Strategy,Enterprise,Strategy & Corporate Development,E2,CSO (Sales),22.0,4.0,4.0,3.0,4.0,3.0,3.0,4.0,4.0,4.0,3.0,3.0,3.0,3.0,3.0,4.0,4.0,4.0,4.0,78.0,64.0,70.0,53.0,52.0,65.0,70.0,61.0,48.0,47.0,46.0,43.0,62.0,72.0,60.0,38.0,59.0,59.0,81.0,46.0,6.7,8.4,7.4,7.5,7.1,41.0,44.0,33.0,45.0,29.0,41.0,2.5,1.8,2.4,1.8,1.4,2.1,1.4,2.7,1.3,3.0,1.3
LTM1025,Myra Dave,Director - Cloud Infrastructure,47.0,23-05-1969,33.0,12.0,21.0,Cloud Operations,Cloud Operations,Finance Transformation,3,4.2,8.0,4.125,,Global,Client Management,Enterprise,Technology & Engineering,M4,CSO (Sales),14.0,2.0,2.0,2.0,2.0,2.0,2.0,1.0,2.0,2.0,2.0,2.0,2.0,2.0,1.0,1.0,2.0,1.0,2.0,41.0,25.0,31.0,17.0,42.0,42.0,40.0,55.0,56.0,42.0,23.0,56.0,56.0,53.0,60.0,38.0,64.0,34.0,51.0,27.0,4.6,6.6,5.1,6.0,5.5,23.0,34.0,22.0,12.0,18.0,28.0,5.4,3.6,4.3,4.5,4.7,3.8,4.4,4.3,5.7,5.7,4.9
LTM1015,Akarsh Raju,Vice President - Product Management,47.0,23-05-1968,25.0,18.0,7.0,Talent Management,Talent Management,Talent Management,3,4.4,5.0,5.0,,Global,People Leadership,Enterprise,Technology & Engineering,E1,CHRO,22.0,2.0,2.0,2.0,2.0,2.0,2.0,2.0,2.0,2.0,1.0,2.0,2.0,2.0,2.0,2.0,2.0,2.0,2.0,26.0,51.0,60.0,46.0,53.0,41.0,47.0,32.0,24.0,57.0,38.0,49.0,40.0,40.0,52.0,47.0,52.0,52.0,51.0,50.0,7.1,5.0,5.8,6.8,6.9,18.0,25.0,37.0,31.0,29.0,26.0,3.9,4.6,4.1,4.3,4.4,3.7,4.8,6.9,2.7,4.6,3.6
LTM1027,Aniruddh Baria,Vice President - Consulting,47.0,21-05-1979,23.0,10.0,13.0,Product Engineering,Cloud Operations,Cloud Operations,3,4.9,4.0,5.75,,India Only,People Leadership,Enterprise,Consulting,E1,CEO,24.0,4.0,4.0,4.0,4.0,3.0,4.0,2.0,4.0,3.0,4.0,3.0,4.0,3.0,3.0,3.0,4.0,3.0,4.0,62.0,60.0,47.0,67.0,37.0,68.0,47.0,62.0,60.0,73.0,60.0,55.0,57.0,74.0,67.0,58.0,59.0,46.0,65.0,44.0,7.7,7.2,9.0,6.2,7.0,53.0,49.0,35.0,42.0,40.0,42.0,1.5,2.0,1.0,2.2,2.5,1.9,1.0,3.0,2.4,1.5,1.9
LTM1099,Nitya Barman,Chief Strategy Officer,45.0,23-05-1970,23.0,10.0,13.0,Talent Management,Operations Excellence,Innovation Office,3,5.0,2.0,11.5,,Regional,Client Management,Enterprise,Strategy & Corporate Development,E2,Geography Head,22.0,4.0,4.0,4.0,4.0,3.0,4.0,4.0,4.0,4.0,4.0,4.0,3.0,3.0,4.0,3.0,4.0,4.0,4.0,49.0,68.0,55.0,61.0,67.0,43.0,68.0,85.0,61.0,69.0,76.0,64.0,60.0,43.0,72.0,65.0,56.0,67.0,60.0,61.0,8.2,6.7,8.6,6.6,7.2,57.0,52.0,45.0,37.0,40.0,45.0,1.5,1.4,1.5,1.3,1.0,1.0,2.3,1.0,1.3,1.0,1.6
LTM1029,Riaan Sengupta,Chief Strategy Officer,53.0,1973-08-02 00:00:00,29.0,14.0,15.0,Customer Success,Finance Transformation,Data & Analytics,3,4.6,5.0,5.8,,Regional,Operational Excellence,Enterprise,Strategy & Corporate Development,E2,Geography Head,24.0,3.0,4.0,3.0,2.0,3.0,2.0,3.0,3.0,3.0,3.0,2.0,3.0,2.0,3.0,3.0,4.0,4.0,4.0,45.0,56.0,43.0,47.0,49.0,44.0,44.0,54.0,43.0,63.0,46.0,83.0,50.0,56.0,42.0,72.0,66.0,58.0,42.0,57.0,5.4,7.4,6.9,6.3,4.3,27.0,39.0,42.0,42.0,23.0,36.0,4.2,1.8,3.2,3.5,3.0,1.6,3.0,3.0,3.1,2.7,2.9
LTM1030,Chirag Contractor,Senior Director - Sales,44.0,20-05-1982,22.0,14.0,8.0,Digital Transformation,Product Engineering,Cybersecurity,3,5.0,5.0,4.4,,Regional,Digital Transformation,Enterprise,Sales & Business Development,M5,Vertical Head,22.0,4.0,4.0,4.0,4.0,4.0,3.0,4.0,4.0,4.0,4.0,3.0,3.0,4.0,4.0,4.0,4.0,4.0,4.0,71.0,63.0,45.0,80.0,84.0,78.0,63.0,73.0,75.0,82.0,57.0,64.0,73.0,67.0,55.0,70.0,78.0,73.0,74.0,69.0,8.9,7.0,7.3,7.8,8.5,39.0,40.0,35.0,49.0,41.0,46.0,2.1,1.0,1.7,1.2,2.1,1.9,1.0,1.3,2.4,1.9,1.0
LTM1031,Pranay Shanker,Vice President - Finance,53.0,22-05-1973,29.0,15.0,14.0,Enterprise Sales,Operations Excellence,Operations Excellence,3,4.6,8.0,3.625,,Global,Change Management,Enterprise,Finance & Accounting,E1,CSO (Sales),24.0,3.0,2.0,3.0,3.0,3.0,3.0,3.0,3.0,3.0,3.0,3.0,2.0,2.0,2.0,2.0,2.0,3.0,3.0,68.0,37.0,61.0,68.0,49.0,54.0,33.0,56.0,43.0,55.0,38.0,59.0,64.0,46.0,42.0,32.0,51.0,48.0,38.0,58.0,5.6,5.1,5.6,6.9,6.5,32.0,37.0,25.0,33.0,34.0,29.0,3.8,2.7,3.9,3.9,1.0,4.5,1.0,2.9,4.3,3.1,2.1
LTM1032,Vihaan Deo,Senior Director - Sales,46.0,20-05-1980,24.0,18.0,6.0,Innovation Office,Digital Transformation,Finance Transformation,3,4.9,3.0,8.0,,Global,Financial Acumen,Enterprise,Sales & Business Development,M5,CISO,22.0,3.0,4.0,3.0,4.0,3.0,3.0,3.0,3.0,4.0,4.0,3.0,3.0,3.0,4.0,3.0,4.0,4.0,4.0,56.0,55.0,51.0,70.0,57.0,47.0,65.0,45.0,56.0,54.0,55.0,83.0,64.0,66.0,45.0,57.0,71.0,59.0,78.0,57.0,7.1,6.9,7.5,6.9,7.2,45.0,41.0,50.0,48.0,46.0,43.0,2.7,1.7,1.7,2.0,3.5,1.0,2.6,1.0,2.1,3.4,2.4
LTM1005,Renee Ganesan,AVP - Human Resources,47.0,23-05-1970,25.0,12.0,13.0,Customer Success,Customer Success,Software Delivery,3,4.2,8.0,3.125,,India Only,AI Strategy,Enterprise,Human Resources,M5,CIO/CTO,22.0,2.0,1.0,2.0,1.0,1.0,1.0,2.0,1.0,1.0,2.0,2.0,2.0,2.0,2.0,2.0,2.0,2.0,1.0,43.0,70.0,44.0,36.0,47.0,45.0,28.0,60.0,47.0,37.0,60.0,49.0,30.0,60.0,49.0,42.0,58.0,44.0,42.0,36.0,5.0,4.9,4.5,3.9,4.6,22.0,13.0,12.0,27.0,4.0,24.0,4.7,6.3,4.7,5.8,4.8,5.3,5.8,4.8,6.1,4.3,5.4
LTM1034,Dishani Saha,Vice President - Customer Success,47.0,24-05-1967,35.0,13.0,22.0,Operations Excellence,Operations Excellence,Operations Excellence,3,5.0,7.0,5.0,,India Only,People Leadership,Enterprise,Sales & Business Development,E1,Business Unit Head,12.0,4.0,4.0,4.0,3.0,3.0,3.0,4.0,4.0,4.0,4.0,4.0,4.0,4.0,4.0,4.0,4.0,3.0,3.0,58.0,53.0,50.0,82.0,67.0,68.0,61.0,63.0,74.0,64.0,70.0,62.0,61.0,50.0,45.0,62.0,65.0,51.0,64.0,65.0,5.8,6.8,7.8,7.8,6.6,44.0,50.0,48.0,42.0,39.0,38.0,2.1,1.8,2.2,1.8,2.4,1.8,2.4,2.5,1.0,1.0,3.1
LTM1083,Farhan Devan,Director - Cloud Infrastructure,48.0,1973-02-22 00:00:00,26.0,8.0,18.0,Product Engineering,Talent Management,Digital Transformation,3,4.4,4.0,6.5,,Global,Operational Excellence,Enterprise,Technology & Engineering,M4,CSO (Sales),22.0,2.0,2.0,2.0,3.0,3.0,3.0,3.0,2.0,2.0,2.0,2.0,2.0,2.0,2.0,2.0,2.0,2.0,2.0,52.0,57.0,55.0,50.0,41.0,50.0,49.0,51.0,72.0,44.0,54.0,66.0,56.0,79.0,52.0,59.0,42.0,46.0,52.0,58.0,6.4,7.1,6.0,5.8,8.3,32.0,24.0,24.0,22.0,36.0,26.0,4.2,4.1,4.8,3.4,3.2,4.3,4.7,4.4,3.4,4.7,3.5
LTM1035,Riaan Randhawa,Vice President - Operations,48.0,1974-09-22 00:00:00,26.0,15.0,11.0,Innovation Office,Talent Management,Talent Management,3,4.5,7.0,3.7142857142857144,,India Only,Change Management,Enterprise,Operations,E1,Geography Head,22.0,2.0,2.0,3.0,3.0,3.0,3.0,4.0,2.0,3.0,2.0,2.0,2.0,2.0,2.0,2.0,2.0,2.0,2.0,57.0,47.0,72.0,53.0,32.0,41.0,33.0,51.0,49.0,46.0,71.0,56.0,58.0,41.0,41.0,51.0,52.0,32.0,49.0,51.0,5.5,5.0,5.2,5.5,5.7,39.0,43.0,33.0,32.0,38.0,39.0,3.5,4.6,4.7,5.0,5.5,3.1,3.9,3.9,3.8,3.3,2.5
LTM1016,Heer Chadha,Vice President - Engineering,46.0,1977-05-01 00:00:00,24.0,20.0,4.0,Business Consulting,Business Consulting,Business Consulting,3,4.5,5.0,4.8,,India Only,Operational Excellence,Enterprise,Technology & Engineering,E1,CIO/CTO,22.0,2.0,2.0,2.0,3.0,2.0,3.0,2.0,2.0,3.0,2.0,2.0,2.0,2.0,3.0,2.0,2.0,2.0,2.0,42.0,48.0,63.0,43.0,37.0,60.0,56.0,44.0,35.0,43.0,50.0,68.0,46.0,56.0,63.0,33.0,61.0,39.0,54.0,53.0,7.1,6.7,4.3,5.6,6.3,29.0,34.0,36.0,34.0,29.0,17.0,3.4,4.2,2.9,4.4,4.7,4.0,1.1,2.7,5.6,3.4,2.1
LTM1038,Alia Bhandari,Director - Digital Transformation,45.0,20-05-1980,24.0,9.0,15.0,Strategic Alliances,Software Delivery,Software Delivery,3,4.6,5.0,4.8,,India Only,Client Management,Enterprise,Technology & Engineering,M4,COO,21.0,3.0,3.0,3.0,3.0,3.0,3.0,3.0,3.0,3.0,2.0,3.0,3.0,3.0,3.0,3.0,3.0,4.0,2.0,50.0,52.0,50.0,46.0,27.0,51.0,59.0,50.0,74.0,55.0,68.0,64.0,69.0,64.0,75.0,62.0,60.0,59.0,52.0,59.0,8.6,6.6,7.2,7.9,7.8,34.0,17.0,38.0,18.0,44.0,35.0,4.1,2.4,1.9,3.5,3.2,2.8,3.3,5.7,4.0,4.2,4.0
LTM1039,Faiyaz Sanghvi,Senior Director - Delivery,46.0,20-05-1980,24.0,5.0,19.0,HR Business Partnering,Cybersecurity,Cybersecurity,3,4.2,8.0,3.0,,Global,People Leadership,Enterprise,Operations,M5,CFO,22.0,2.0,2.0,1.0,2.0,3.0,2.0,2.0,2.0,3.0,2.0,2.0,2.0,2.0,2.0,1.0,1.0,2.0,2.0,56.0,60.0,60.0,34.0,40.0,49.0,69.0,59.0,55.0,40.0,35.0,52.0,33.0,42.0,43.0,60.0,40.0,20.0,49.0,37.0,4.8,4.7,4.5,5.4,3.5,25.0,34.0,25.0,18.0,34.0,37.0,5.0,3.2,5.6,3.5,5.3,4.2,4.0,4.6,4.8,4.4,5.5
LTM1040,Alisha Karan,Director - Digital Transformation,48.0,1978-11-11 00:00:00,24.0,8.0,16.0,Product Engineering,Business Consulting,Operations Excellence,3,4.5,6.0,4.0,,Global,Strategic Leadership,Enterprise,Technology & Engineering,M4,CHRO,24.0,2.0,3.0,3.0,3.0,3.0,3.0,3.0,2.0,2.0,2.0,2.0,3.0,2.0,2.0,3.0,3.0,2.0,2.0,58.0,29.0,34.0,49.0,68.0,48.0,53.0,64.0,73.0,46.0,52.0,76.0,43.0,69.0,48.0,59.0,50.0,43.0,42.0,55.0,7.3,6.4,6.5,6.9,5.7,37.0,37.0,50.0,29.0,28.0,37.0,4.4,3.2,3.3,4.2,2.9,3.3,3.8,4.6,3.1,2.0,2.0
LTM1041,Ivana Dass,Senior Director - AI & Data,53.0,22-05-1973,30.0,17.0,13.0,Finance Transformation,Digital Transformation,Digital Transformation,3,4.6,2.0,15.0,,Regional,AI Strategy,Enterprise,Technology & Engineering,M5,CIO/CTO,23.0,2.0,2.0,3.0,3.0,3.0,3.0,3.0,3.0,3.0,3.0,3.0,3.0,3.0,3.0,2.0,3.0,2.0,3.0,63.0,52.0,73.0,46.0,57.0,55.0,54.0,54.0,56.0,63.0,69.0,61.0,69.0,54.0,69.0,53.0,66.0,77.0,54.0,33.0,6.4,7.8,7.3,7.0,7.7,37.0,43.0,40.0,45.0,37.0,40.0,3.0,2.7,4.8,3.4,4.0,3.4,2.7,3.3,4.5,3.7,1.7
LTM1059,Rhea Lad,Director - Cloud Infrastructure,45.0,1969-09-03 00:00:00,22.0,12.0,10.0,Strategic Alliances,Business Consulting,Customer Success,3,4.5,5.0,4.4,,Regional,Change Management,Enterprise,Technology & Engineering,M4,Vertical Head,23.0,2.0,3.0,2.0,2.0,4.0,3.0,2.0,2.0,3.0,2.0,3.0,3.0,3.0,2.0,2.0,3.0,2.0,2.0,58.0,59.0,57.0,56.0,49.0,60.0,52.0,47.0,49.0,72.0,35.0,63.0,41.0,57.0,54.0,37.0,56.0,48.0,31.0,61.0,7.6,7.7,6.8,6.5,7.5,43.0,39.0,25.0,33.0,35.0,19.0,4.1,5.7,4.3,5.0,3.9,3.6,4.0,3.0,2.8,4.8,4.9
LTM1043,Kiaan Karpe,Vice President - Operations,47.0,1977-07-21 00:00:00,26.0,13.0,13.0,Product Engineering,Data & Analytics,Business Consulting,3,4.7,4.0,6.5,,India Only,Change Management,Enterprise,Operations,E1,CISO,21.0,2.0,3.0,3.0,3.0,3.0,4.0,3.0,4.0,3.0,3.0,2.0,3.0,3.0,3.0,2.0,2.0,3.0,3.0,37.0,66.0,51.0,70.0,55.0,58.0,68.0,47.0,46.0,54.0,64.0,43.0,39.0,64.0,50.0,52.0,38.0,49.0,56.0,65.0,5.8,7.7,5.8,5.8,7.6,42.0,36.0,39.0,50.0,50.0,34.0,2.9,3.1,2.1,2.9,3.0,4.0,4.1,2.7,2.8,3.6,2.5
LTM1019,Taimur Sahni,Director - Enterprise Applications,47.0,22-05-1974,24.0,15.0,9.0,Digital Transformation,Digital Transformation,Digital Transformation,3,4.7,5.0,4.8,,Global,Digital Transformation,Enterprise,Technology & Engineering,M4,Chief Strategy Officer,23.0,3.0,3.0,3.0,3.0,4.0,3.0,3.0,3.0,3.0,4.0,3.0,2.0,3.0,3.0,3.0,3.0,3.0,3.0,56.0,62.0,48.0,51.0,54.0,43.0,54.0,59.0,54.0,55.0,58.0,57.0,71.0,78.0,59.0,69.0,55.0,61.0,73.0,63.0,5.8,7.6,8.2,7.0,8.0,32.0,26.0,37.0,24.0,35.0,46.0,1.1,1.7,1.9,2.8,2.5,4.1,3.7,3.3,2.9,3.2,2.0
LTM1045,Drishya Deol,Senior Director - AI & Data,48.0,1975-08-12 00:00:00,27.0,20.0,7.0,Data & Analytics,HR Business Partnering,HR Business Partnering,3,5.0,5.0,5.4,,India Only,People Leadership,Enterprise,Technology & Engineering,M5,Business Unit Head,21.0,4.0,3.0,4.0,4.0,4.0,4.0,4.0,3.0,4.0,4.0,4.0,4.0,4.0,3.0,4.0,4.0,4.0,4.0,76.0,55.0,68.0,79.0,49.0,68.0,60.0,62.0,57.0,64.0,84.0,59.0,60.0,59.0,89.0,67.0,66.0,62.0,57.0,64.0,10.0,9.5,7.7,8.9,7.7,32.0,51.0,52.0,51.0,41.0,43.0,2.2,1.9,1.1,1.0,1.6,2.5,1.0,2.1,1.8,2.2,2.3
LTM1046,Yuvaan Handa,Senior Director - AI & Data,47.0,1973-02-22 00:00:00,31.0,16.0,15.0,Business Consulting,Cybersecurity,Cybersecurity,3,4.8,4.0,7.75,,India Only,People Leadership,Enterprise,Technology & Engineering,M5,Geography Head,16.0,3.0,3.0,3.0,4.0,4.0,4.0,3.0,4.0,3.0,3.0,4.0,3.0,3.0,3.0,3.0,4.0,3.0,3.0,65.0,50.0,76.0,54.0,66.0,71.0,64.0,61.0,61.0,60.0,55.0,62.0,81.0,65.0,59.0,61.0,72.0,67.0,66.0,58.0,8.1,7.1,7.4,8.4,8.3,32.0,33.0,40.0,51.0,26.0,41.0,1.1,1.8,2.0,2.0,1.9,2.4,1.9,1.1,3.1,3.1,3.1
LTM1061,Ishita Rege,Director - Digital Transformation,48.0,22-05-1973,25.0,20.0,5.0,Strategic Alliances,Strategic Alliances,Cybersecurity,3,4.9,5.0,5.0,,Regional,People Leadership,Enterprise,Technology & Engineering,M4,CFO,23.0,3.0,4.0,4.0,4.0,4.0,4.0,4.0,4.0,3.0,4.0,3.0,4.0,4.0,3.0,4.0,3.0,4.0,4.0,75.0,64.0,62.0,74.0,69.0,71.0,57.0,53.0,58.0,57.0,71.0,79.0,68.0,84.0,83.0,72.0,55.0,79.0,63.0,65.0,7.7,7.3,6.8,8.5,7.3,60.0,34.0,33.0,45.0,52.0,42.0,2.5,1.0,1.3,1.0,1.0,2.0,1.0,1.0,1.5,1.2,2.3
LTM1020,Saksham Doctor,AVP - Human Resources,48.0,1976-10-02 00:00:00,25.0,9.0,16.0,Innovation Office,Innovation Office,Innovation Office,3,4.8,4.0,6.25,,Regional,Client Management,Enterprise,Human Resources,M5,Business Unit Head,23.0,3.0,3.0,3.0,3.0,3.0,3.0,3.0,3.0,3.0,3.0,3.0,4.0,3.0,3.0,3.0,3.0,3.0,3.0,56.0,73.0,59.0,45.0,69.0,53.0,55.0,65.0,76.0,65.0,53.0,64.0,54.0,78.0,59.0,36.0,62.0,78.0,75.0,77.0,5.9,7.5,6.2,6.9,5.7,33.0,33.0,44.0,43.0,40.0,28.0,2.3,1.9,3.3,3.6,3.5,1.9,1.0,1.0,3.8,2.2,1.9
LTM1049,Azad Dhaliwal,Senior Director - Delivery,47.0,24-05-1967,35.0,15.0,20.0,Talent Management,Cloud Operations,Business Consulting,3,4.4,5.0,7.0,,Regional,Financial Acumen,Enterprise,Operations,M5,CFO,12.0,3.0,3.0,2.0,3.0,3.0,3.0,3.0,3.0,3.0,3.0,2.0,2.0,2.0,1.0,2.0,2.0,2.0,2.0,51.0,69.0,37.0,49.0,53.0,42.0,50.0,34.0,64.0,43.0,70.0,49.0,60.0,49.0,49.0,44.0,51.0,53.0,42.0,48.0,5.0,7.3,5.4,6.7,5.3,36.0,25.0,31.0,35.0,45.0,36.0,5.4,4.7,5.6,4.1,6.3,3.7,3.4,3.0,6.2,4.9,3.8
LTM1048,Tejas Raja,Vice President - Engineering,47.0,1971-04-13 00:00:00,23.0,14.0,9.0,Software Delivery,Talent Management,Talent Management,3,4.7,7.0,3.2857142857142856,,Global,Change Management,Enterprise,Technology & Engineering,E1,COO,24.0,3.0,3.0,3.0,3.0,3.0,3.0,2.0,3.0,3.0,3.0,4.0,3.0,3.0,3.0,3.0,3.0,3.0,3.0,60.0,36.0,44.0,71.0,60.0,48.0,54.0,56.0,63.0,43.0,48.0,65.0,61.0,68.0,50.0,66.0,67.0,61.0,57.0,55.0,6.3,6.9,8.0,6.9,6.3,32.0,37.0,33.0,39.0,39.0,41.0,4.3,3.9,2.1,2.2,2.9,2.6,2.0,2.6,2.6,2.4,2.7
LTM1051,Miraya Mall,Director - Enterprise Applications,48.0,22-05-1973,30.0,6.0,24.0,Product Engineering,Enterprise Sales,Digital Transformation,3,4.6,4.0,7.5,,Global,Digital Transformation,Enterprise,Technology & Engineering,M4,CIO/CTO,18.0,3.0,3.0,3.0,3.0,3.0,3.0,3.0,3.0,3.0,2.0,3.0,3.0,2.0,3.0,3.0,2.0,3.0,2.0,42.0,65.0,50.0,44.0,57.0,50.0,50.0,62.0,43.0,46.0,57.0,71.0,73.0,54.0,70.0,53.0,73.0,44.0,68.0,48.0,8.5,7.3,6.0,6.4,7.5,41.0,34.0,34.0,39.0,35.0,25.0,2.5,3.5,4.3,4.7,4.0,3.5,3.9,2.6,3.1,2.5,2.1
LTM1028,Saira Gopal,Senior Director - AI & Data,45.0,22-05-1974,21.0,18.0,3.0,Software Delivery,Operations Excellence,HR Business Partnering,3,4.6,4.0,5.25,,Regional,Digital Transformation,Enterprise,Technology & Engineering,M5,Business Unit Head,24.0,3.0,3.0,3.0,3.0,3.0,3.0,3.0,3.0,2.0,3.0,3.0,2.0,3.0,3.0,3.0,2.0,3.0,3.0,60.0,75.0,53.0,85.0,53.0,58.0,51.0,59.0,63.0,54.0,73.0,63.0,64.0,52.0,65.0,60.0,49.0,47.0,82.0,52.0,5.7,6.3,6.8,7.3,7.3,39.0,29.0,36.0,28.0,30.0,28.0,2.2,4.2,3.9,4.1,3.3,3.9,1.7,4.0,3.4,3.8,3.6
LTM1098,Baiju Luthra,Chief Strategy Officer,47.0,22-05-1973,23.0,11.0,12.0,Cybersecurity,Business Consulting,Business Consulting,3,4.5,2.0,11.5,,Regional,Financial Acumen,Enterprise,Strategy & Corporate Development,E2,Business Unit Head,24.0,3.0,3.0,3.0,3.0,3.0,2.0,3.0,3.0,3.0,2.0,2.0,2.0,2.0,2.0,2.0,3.0,3.0,3.0,62.0,48.0,47.0,64.0,49.0,63.0,57.0,49.0,57.0,55.0,62.0,47.0,53.0,52.0,59.0,42.0,62.0,57.0,39.0,64.0,7.7,6.7,7.0,5.9,4.5,19.0,33.0,27.0,25.0,31.0,36.0,2.4,3.3,5.0,2.7,4.5,3.3,4.2,4.7,4.4,4.5,2.7
LTM1069,Samiha Tailor,Vice President - Customer Success,48.0,22-05-1973,24.0,16.0,8.0,Digital Transformation,Product Engineering,Product Engineering,3,4.5,7.0,3.4285714285714284,,India Only,AI Strategy,Enterprise,Sales & Business Development,E1,CEO,24.0,3.0,3.0,3.0,2.0,2.0,2.0,2.0,2.0,3.0,3.0,3.0,3.0,2.0,3.0,3.0,2.0,2.0,3.0,42.0,47.0,52.0,40.0,54.0,67.0,46.0,55.0,23.0,50.0,47.0,42.0,61.0,47.0,49.0,47.0,31.0,39.0,60.0,29.0,5.0,5.3,7.0,6.2,5.2,39.0,25.0,37.0,21.0,38.0,27.0,2.9,3.7,4.1,3.4,4.4,3.3,4.4,4.3,3.8,3.5,4.0
LTM1007,Bhamini Ganesan,Director - Enterprise Applications,47.0,22-05-1975,23.0,20.0,3.0,Enterprise Sales,Strategic Alliances,Strategic Alliances,3,4.5,8.0,2.875,,Regional,Operational Excellence,Enterprise,Technology & Engineering,M4,CISO,24.0,3.0,3.0,3.0,3.0,4.0,3.0,3.0,3.0,2.0,2.0,2.0,3.0,2.0,2.0,3.0,3.0,2.0,2.0,64.0,60.0,36.0,49.0,54.0,60.0,61.0,55.0,58.0,53.0,46.0,56.0,58.0,58.0,39.0,54.0,53.0,49.0,50.0,57.0,5.6,5.2,6.2,7.1,7.8,37.0,21.0,30.0,33.0,33.0,35.0,2.9,3.7,4.1,4.4,3.0,3.4,1.3,3.1,3.2,2.8,3.8
LTM1026,Biju Deshpande,Director - Cloud Infrastructure,48.0,22-05-1975,24.0,5.0,19.0,Customer Success,Customer Success,Customer Success,3,4.4,8.0,3.0,,Regional,Strategic Leadership,Enterprise,Technology & Engineering,M4,CISO,24.0,2.0,1.0,2.0,3.0,3.0,2.0,2.0,2.0,2.0,2.0,2.0,2.0,2.0,2.0,2.0,2.0,2.0,2.0,40.0,47.0,52.0,53.0,68.0,43.0,49.0,54.0,49.0,44.0,34.0,50.0,45.0,38.0,48.0,45.0,55.0,56.0,40.0,47.0,4.6,5.7,6.4,6.8,5.5,36.0,18.0,20.0,34.0,41.0,32.0,4.1,2.1,2.3,4.2,3.8,3.1,4.2,4.2,5.0,4.2,5.2
LTM1000,Tejas Varty,Senior Director - AI & Data,45.0,21-05-1979,21.0,13.0,8.0,Digital Transformation,Digital Transformation,Customer Success,3,4.4,6.0,3.5,,Global,People Leadership,Enterprise,Technology & Engineering,M5,CEO,24.0,2.0,2.0,3.0,2.0,4.0,3.0,2.0,2.0,3.0,2.0,2.0,3.0,2.0,2.0,2.0,2.0,2.0,2.0,47.0,69.0,69.0,50.0,50.0,46.0,61.0,46.0,45.0,59.0,44.0,55.0,40.0,63.0,75.0,63.0,64.0,41.0,52.0,40.0,5.9,6.7,6.2,5.0,5.0,19.0,32.0,43.0,39.0,16.0,39.0,5.0,2.7,3.9,5.1,4.6,2.9,4.7,2.2,3.9,5.1,4.1
LTM1058,Miraan Karan,Vice President - Product Management,45.0,20-05-1981,21.0,13.0,8.0,Data & Analytics,Data & Analytics,Data & Analytics,3,5.0,2.0,10.5,,Regional,Strategic Leadership,Enterprise,Technology & Engineering,E1,Geography Head,24.0,3.0,4.0,4.0,4.0,4.0,4.0,4.0,4.0,4.0,3.0,3.0,3.0,3.0,4.0,4.0,3.0,4.0,4.0,62.0,70.0,62.0,78.0,71.0,52.0,66.0,81.0,63.0,69.0,70.0,60.0,75.0,56.0,64.0,81.0,68.0,61.0,69.0,64.0,8.1,8.6,7.5,8.1,7.9,32.0,36.0,54.0,45.0,33.0,32.0,1.6,3.1,1.5,2.8,2.0,2.1,1.0,2.5,1.4,2.4,1.0
LTM1053,Pari Thaker,Chief Strategy Officer,47.0,23-05-1969,22.0,12.0,10.0,Customer Success,Customer Success,Customer Success,3,4.4,2.0,11.0,,Regional,Digital Transformation,Enterprise,Strategy & Corporate Development,E2,CISO,25.0,3.0,3.0,3.0,2.0,2.0,2.0,3.0,3.0,3.0,2.0,2.0,2.0,3.0,2.0,2.0,3.0,3.0,3.0,55.0,41.0,57.0,51.0,37.0,48.0,63.0,66.0,57.0,38.0,54.0,58.0,57.0,57.0,53.0,49.0,43.0,31.0,53.0,51.0,5.9,4.4,6.0,7.1,5.6,29.0,31.0,43.0,22.0,30.0,23.0,3.6,4.1,5.3,5.7,4.5,3.8,6.4,3.7,3.6,2.5,5.4
LTM1071,Misha Chahal,Director - Enterprise Applications,47.0,22-05-1972,22.0,19.0,3.0,Enterprise Sales,Enterprise Sales,Strategic Alliances,3,4.9,8.0,2.75,,Global,Client Management,Enterprise,Technology & Engineering,M4,CISO,25.0,4.0,4.0,3.0,4.0,4.0,4.0,3.0,4.0,4.0,3.0,4.0,3.0,3.0,3.0,3.0,4.0,4.0,3.0,67.0,61.0,67.0,57.0,54.0,74.0,63.0,83.0,64.0,54.0,76.0,76.0,77.0,81.0,63.0,68.0,62.0,50.0,61.0,77.0,8.2,6.9,6.7,9.3,7.9,37.0,40.0,31.0,51.0,39.0,51.0,2.0,3.2,2.2,2.7,2.6,2.5,2.3,1.7,3.7,1.1,1.9
LTM1012,Miraya Karnik,Senior Director - Delivery,47.0,1975-07-22 00:00:00,22.0,15.0,7.0,Software Delivery,Digital Transformation,Software Delivery,3,4.2,3.0,7.333333333333333,,India Only,Client Management,Enterprise,Operations,M5,CSO (Sales),25.0,2.0,2.0,2.0,2.0,2.0,2.0,2.0,2.0,2.0,2.0,2.0,2.0,2.0,1.0,1.0,2.0,1.0,2.0,37.0,45.0,38.0,50.0,45.0,40.0,33.0,47.0,32.0,48.0,70.0,58.0,51.0,43.0,25.0,31.0,57.0,36.0,37.0,42.0,3.9,3.8,4.7,4.0,4.2,24.0,33.0,27.0,28.0,33.0,28.0,4.7,5.4,5.6,4.9,5.1,4.3,4.2,5.7,5.4,5.4,5.3
LTM1066,Umang Rastogi,Vice President - Product Management,47.0,1977-11-21 00:00:00,22.0,7.0,15.0,Product Engineering,Product Engineering,Business Consulting,3,4.5,3.0,7.333333333333333,,India Only,Change Management,Enterprise,Technology & Engineering,E1,COO,25.0,2.0,2.0,3.0,3.0,3.0,3.0,2.0,2.0,2.0,2.0,2.0,2.0,3.0,2.0,2.0,2.0,2.0,3.0,44.0,46.0,35.0,43.0,33.0,57.0,79.0,47.0,34.0,60.0,43.0,70.0,54.0,50.0,55.0,64.0,48.0,46.0,49.0,38.0,6.5,4.8,5.9,6.8,6.5,34.0,30.0,38.0,37.0,33.0,37.0,4.5,3.5,2.6,4.2,4.3,4.8,3.0,3.0,4.3,3.8,2.2
LTM1063,Hansh Balasubramanian,Senior Director - Delivery,47.0,1979-12-21 00:00:00,25.0,19.0,6.0,Software Delivery,Finance Transformation,Talent Management,3,5.0,8.0,3.125,,Regional,AI Strategy,Enterprise,Operations,M5,CFO,22.0,4.0,3.0,3.0,4.0,4.0,4.0,4.0,4.0,4.0,4.0,4.0,4.0,4.0,4.0,3.0,4.0,3.0,3.0,74.0,66.0,63.0,59.0,64.0,69.0,76.0,40.0,58.0,68.0,65.0,70.0,69.0,63.0,61.0,64.0,77.0,59.0,65.0,68.0,9.0,7.5,8.5,8.7,7.7,48.0,47.0,47.0,55.0,51.0,51.0,1.0,1.0,3.4,1.3,1.0,2.8,1.8,2.0,1.4,1.2,1.3
LTM1077,Kanav Reddy,Chief Strategy Officer,47.0,21-05-1978,22.0,13.0,9.0,Operations Excellence,Operations Excellence,Software Delivery,3,4.2,4.0,5.5,,Global,Strategic Leadership,Enterprise,Strategy & Corporate Development,E2,CIO/CTO,25.0,2.0,2.0,2.0,2.0,2.0,1.0,2.0,3.0,3.0,1.0,2.0,1.0,1.0,2.0,2.0,2.0,2.0,2.0,40.0,48.0,32.0,51.0,32.0,60.0,27.0,33.0,48.0,61.0,47.0,50.0,44.0,34.0,39.0,32.0,31.0,48.0,33.0,47.0,3.7,5.0,4.4,5.9,5.0,33.0,19.0,24.0,17.0,21.0,22.0,4.3,3.9,3.7,2.9,4.0,5.6,3.6,3.8,6.6,4.4,5.3
LTM1065,Mannat Kakar,Vice President - Engineering,49.0,21-05-1977,26.0,14.0,12.0,Innovation Office,Innovation Office,Innovation Office,3,4.7,4.0,6.5,,Global,Financial Acumen,Enterprise,Technology & Engineering,E1,CIO/CTO,23.0,3.0,3.0,2.0,3.0,3.0,4.0,2.0,2.0,2.0,2.0,3.0,4.0,3.0,2.0,2.0,3.0,3.0,3.0,58.0,60.0,59.0,53.0,45.0,63.0,56.0,65.0,64.0,42.0,42.0,55.0,52.0,70.0,66.0,73.0,60.0,58.0,68.0,61.0,7.0,8.2,7.1,6.7,6.3,40.0,44.0,35.0,44.0,21.0,35.0,2.9,2.3,5.1,2.9,2.6,3.0,1.2,2.3,3.9,2.4,2.2
LTM1021,Nakul Dora,Vice President - Finance,47.0,21-05-1979,22.0,13.0,9.0,Enterprise Sales,HR Business Partnering,Cloud Operations,3,4.6,7.0,3.142857142857143,,Regional,Client Management,Enterprise,Finance & Accounting,E1,COO,25.0,3.0,3.0,3.0,3.0,3.0,3.0,3.0,3.0,3.0,2.0,2.0,3.0,3.0,3.0,2.0,3.0,3.0,2.0,61.0,61.0,57.0,51.0,50.0,40.0,45.0,47.0,42.0,58.0,65.0,44.0,56.0,43.0,50.0,46.0,59.0,47.0,63.0,51.0,5.5,5.0,6.2,6.7,6.2,48.0,43.0,31.0,30.0,36.0,27.0,4.5,3.7,3.6,4.0,5.0,3.6,3.3,4.8,4.3,3.1,3.4
LTM1067,Taimur Deol,Director - Enterprise Applications,47.0,22-05-1973,31.0,10.0,21.0,Enterprise Sales,Cybersecurity,Cloud Operations,3,4.9,7.0,4.428571428571429,,India Only,Change Management,Enterprise,Technology & Engineering,M4,CEO,16.0,4.0,4.0,3.0,4.0,4.0,4.0,3.0,4.0,3.0,4.0,3.0,3.0,4.0,4.0,3.0,4.0,4.0,3.0,56.0,62.0,64.0,62.0,63.0,49.0,54.0,62.0,62.0,58.0,61.0,70.0,78.0,68.0,73.0,64.0,69.0,67.0,72.0,70.0,8.4,7.9,8.2,8.8,7.5,37.0,43.0,44.0,36.0,41.0,41.0,1.0,1.7,1.8,1.8,3.2,1.0,1.2,1.0,1.5,1.6,1.5
LTM1033,Shaan Deshmukh,Chief Strategy Officer,60.0,24-05-1966,35.0,6.0,29.0,Data & Analytics,Data & Analytics,Business Consulting,3,5.0,7.0,5.0,,India Only,Financial Acumen,Enterprise,Strategy & Corporate Development,E2,Chief Strategy Officer,25.0,4.0,4.0,4.0,4.0,4.0,4.0,4.0,4.0,4.0,4.0,4.0,4.0,3.0,3.0,4.0,4.0,4.0,4.0,70.0,64.0,72.0,68.0,58.0,85.0,62.0,74.0,42.0,79.0,81.0,66.0,72.0,72.0,60.0,71.0,58.0,60.0,77.0,76.0,7.2,7.2,7.2,8.3,7.0,46.0,49.0,43.0,51.0,42.0,43.0,1.0,2.4,1.0,1.8,1.4,1.0,1.0,2.7,1.7,1.0,1.8
LTM1047,Aaina Gole,AVP - Human Resources,47.0,21-05-1979,22.0,15.0,7.0,Enterprise Sales,Operations Excellence,Digital Transformation,3,5.0,4.0,5.5,,Global,People Leadership,Enterprise,Human Resources,M5,Vertical Head,25.0,3.0,4.0,4.0,3.0,4.0,3.0,4.0,4.0,3.0,4.0,4.0,4.0,4.0,3.0,3.0,3.0,4.0,4.0,81.0,75.0,57.0,51.0,70.0,51.0,62.0,73.0,59.0,60.0,69.0,69.0,75.0,70.0,65.0,57.0,54.0,59.0,68.0,68.0,5.8,6.9,8.5,7.6,6.4,59.0,42.0,45.0,45.0,40.0,38.0,3.6,2.6,2.4,2.2,1.0,2.8,1.0,1.9,1.0,1.0,2.0
LTM1068,Pihu Das,Senior Director - AI & Data,47.0,1979-11-21 00:00:00,22.0,17.0,5.0,Product Engineering,Product Engineering,Product Engineering,3,4.7,2.0,11.0,,India Only,Change Management,Enterprise,Technology & Engineering,M5,CHRO,25.0,3.0,2.0,3.0,4.0,4.0,3.0,3.0,3.0,3.0,3.0,3.0,3.0,3.0,3.0,3.0,3.0,3.0,3.0,75.0,54.0,74.0,63.0,90.0,46.0,51.0,62.0,62.0,77.0,51.0,73.0,75.0,71.0,54.0,78.0,70.0,64.0,60.0,60.0,7.2,7.7,7.2,6.5,6.4,31.0,38.0,36.0,38.0,40.0,32.0,4.1,2.6,2.4,3.2,1.2,2.1,3.7,1.2,3.8,4.2,2.5
LTM1082,Vivaan Johal,Vice President - Engineering,46.0,1980-02-20 00:00:00,21.0,18.0,3.0,Enterprise Sales,Cybersecurity,Data & Analytics,3,4.8,7.0,3.0,,India Only,Client Management,Enterprise,Technology & Engineering,E1,CIO/CTO,25.0,3.0,3.0,3.0,4.0,3.0,3.0,3.0,3.0,3.0,3.0,3.0,3.0,3.0,4.0,3.0,3.0,3.0,3.0,55.0,49.0,73.0,33.0,67.0,54.0,55.0,76.0,52.0,52.0,58.0,69.0,60.0,49.0,56.0,78.0,60.0,63.0,56.0,52.0,8.7,7.2,7.0,8.2,6.8,34.0,38.0,38.0,39.0,52.0,40.0,1.0,2.8,2.6,2.6,2.8,2.5,2.5,3.1,2.1,1.7,5.3
LTM1072,Hrishita Bhatnagar,Director - Enterprise Applications,47.0,1979-11-21 00:00:00,24.0,16.0,8.0,Customer Success,Cloud Operations,Strategic Alliances,3,4.8,2.0,12.0,,India Only,People Leadership,Enterprise,Technology & Engineering,M4,Chief Strategy Officer,23.0,3.0,3.0,3.0,4.0,4.0,4.0,4.0,3.0,3.0,3.0,4.0,3.0,4.0,4.0,3.0,3.0,3.0,3.0,61.0,58.0,40.0,72.0,60.0,56.0,55.0,64.0,52.0,38.0,65.0,72.0,65.0,55.0,67.0,52.0,50.0,53.0,69.0,57.0,7.2,9.2,7.9,7.9,7.3,35.0,24.0,46.0,42.0,38.0,38.0,3.0,1.0,1.8,1.4,4.0,3.2,1.0,1.0,2.3,1.9,1.2
LTM1073,Anay Bahl,Vice President - Engineering,46.0,20-05-1980,24.0,14.0,10.0,Customer Success,Talent Management,Talent Management,3,4.7,5.0,4.8,,Global,Change Management,Enterprise,Technology & Engineering,E1,Business Unit Head,22.0,3.0,3.0,3.0,3.0,4.0,3.0,3.0,3.0,2.0,3.0,3.0,3.0,2.0,2.0,2.0,3.0,3.0,3.0,46.0,43.0,56.0,51.0,49.0,72.0,55.0,69.0,51.0,59.0,56.0,45.0,76.0,61.0,70.0,55.0,54.0,47.0,68.0,59.0,7.3,8.1,7.9,7.6,5.8,30.0,28.0,40.0,36.0,25.0,34.0,1.6,2.9,1.5,3.5,3.3,4.7,3.7,2.6,3.7,1.7,2.1
LTM1074,Prisha Sunder,Senior Director - Delivery,55.0,23-05-1971,31.0,18.0,13.0,Product Engineering,Talent Management,Customer Success,3,5.0,6.0,5.166666666666667,,Global,Change Management,Enterprise,Operations,M5,COO,24.0,4.0,3.0,4.0,4.0,4.0,4.0,4.0,4.0,4.0,4.0,3.0,4.0,3.0,4.0,4.0,4.0,4.0,4.0,60.0,68.0,70.0,65.0,77.0,60.0,76.0,71.0,66.0,63.0,90.0,58.0,69.0,58.0,84.0,75.0,59.0,71.0,69.0,61.0,8.4,8.1,7.9,7.7,8.1,51.0,49.0,45.0,60.0,42.0,52.0,1.2,3.1,1.0,1.0,1.0,1.8,1.0,1.1,1.0,1.7,1.0
LTM1036,Vidur Balakrishnan,Vice President - Engineering,47.0,29-15-1969,21.0,11.0,10.0,Strategic Alliances,Innovation Office,HR Business Partnering,3,4.9,5.0,4.2,,India Only,People Leadership,Enterprise,Technology & Engineering,E1,Vertical Head,26.0,3.0,4.0,3.0,4.0,4.0,4.0,3.0,3.0,3.0,3.0,3.0,3.0,4.0,3.0,3.0,4.0,4.0,3.0,59.0,44.0,51.0,65.0,60.0,62.0,72.0,50.0,59.0,63.0,55.0,82.0,77.0,70.0,86.0,53.0,62.0,65.0,52.0,65.0,6.8,8.3,8.6,7.9,6.2,33.0,44.0,40.0,21.0,49.0,41.0,1.4,3.0,1.5,1.5,2.4,3.7,3.6,2.4,2.5,2.8,1.0
LTM1076,Arhaan Reddy,Director - Cloud Infrastructure,47.0,20-05-1982,21.0,15.0,6.0,Digital Transformation,Operations Excellence,Enterprise Sales,3,4.6,6.0,3.5,,India Only,Client Management,Enterprise,Technology & Engineering,M4,CHRO,26.0,3.0,2.0,3.0,3.0,3.0,3.0,2.0,3.0,3.0,3.0,3.0,3.0,3.0,3.0,3.0,3.0,2.0,2.0,50.0,63.0,51.0,63.0,56.0,68.0,52.0,60.0,60.0,70.0,38.0,56.0,69.0,76.0,63.0,58.0,63.0,64.0,51.0,58.0,7.8,8.4,7.4,6.9,6.8,38.0,33.0,35.0,27.0,43.0,26.0,2.9,3.3,5.0,2.9,2.7,2.8,4.7,1.0,2.3,5.7,3.8
LTM1062,Dishani Mander,Director - Enterprise Applications,47.0,23-05-1969,21.0,15.0,6.0,HR Business Partnering,Innovation Office,Finance Transformation,3,4.5,5.0,4.2,,Regional,Change Management,Enterprise,Technology & Engineering,M4,COO,26.0,2.0,2.0,2.0,3.0,4.0,3.0,2.0,3.0,2.0,2.0,2.0,2.0,2.0,2.0,3.0,2.0,1.0,2.0,48.0,46.0,67.0,46.0,61.0,52.0,52.0,44.0,52.0,45.0,54.0,56.0,49.0,68.0,63.0,54.0,54.0,51.0,44.0,53.0,6.0,5.7,5.2,6.2,6.9,27.0,49.0,38.0,41.0,37.0,44.0,3.0,1.4,3.3,4.2,3.8,3.9,4.9,4.0,4.4,2.8,2.7
LTM1078,Inaaya  Kata,Senior Director - Sales,48.0,1978-01-21 00:00:00,26.0,18.0,8.0,Data & Analytics,Data & Analytics,Data & Analytics,3,4.8,6.0,4.333333333333333,,India Only,Client Management,Enterprise,Sales & Business Development,M5,CSO (Sales),22.0,4.0,3.0,3.0,3.0,3.0,3.0,3.0,3.0,3.0,3.0,4.0,3.0,3.0,3.0,3.0,4.0,4.0,4.0,71.0,61.0,68.0,62.0,48.0,69.0,74.0,66.0,65.0,57.0,52.0,66.0,65.0,55.0,72.0,52.0,61.0,83.0,75.0,63.0,7.2,7.1,4.8,6.3,7.0,42.0,46.0,52.0,42.0,37.0,46.0,2.1,2.2,2.1,4.4,1.0,2.0,2.4,1.7,3.2,3.1,2.3
LTM1094,Raunak Dasgupta,Vice President - Consulting,48.0,23-05-1968,22.0,19.0,3.0,Innovation Office,Customer Success,Customer Success,3,5.0,6.0,3.6666666666666665,,India Only,Digital Transformation,Enterprise,Consulting,E1,CIO/CTO,26.0,4.0,4.0,4.0,3.0,3.0,4.0,4.0,3.0,3.0,4.0,4.0,4.0,4.0,3.0,4.0,4.0,4.0,4.0,54.0,59.0,66.0,93.0,67.0,80.0,76.0,68.0,54.0,75.0,49.0,80.0,66.0,38.0,61.0,71.0,62.0,71.0,56.0,51.0,7.4,7.5,7.2,8.5,6.8,45.0,43.0,32.0,33.0,43.0,57.0,2.2,1.0,1.0,2.3,1.6,2.7,1.0,2.0,2.4,1.3,1.3
LTM1080,Armaan Rama,Chief Information Security Officer,45.0,22-05-1974,30.0,15.0,15.0,Finance Transformation,Data & Analytics,Data & Analytics,3,4.9,2.0,15.0,,Regional,Change Management,Enterprise,Information Security,E2,CFO,15.0,3.0,4.0,3.0,4.0,4.0,4.0,4.0,3.0,3.0,3.0,3.0,3.0,3.0,3.0,4.0,3.0,4.0,3.0,69.0,49.0,59.0,57.0,78.0,57.0,71.0,57.0,59.0,61.0,76.0,50.0,56.0,50.0,58.0,61.0,47.0,56.0,43.0,53.0,8.3,7.7,7.5,6.6,6.1,34.0,41.0,48.0,48.0,46.0,36.0,2.0,1.6,1.8,3.8,1.0,1.7,3.0,1.0,1.4,1.5,1.7
LTM1081,Zara Gill,Vice President - Operations,51.0,22-05-1975,27.0,15.0,12.0,Strategic Alliances,Finance Transformation,Cybersecurity,3,4.8,7.0,3.857142857142857,,Global,Digital Transformation,Enterprise,Operations,E1,CHRO,24.0,2.0,3.0,3.0,4.0,3.0,4.0,3.0,3.0,4.0,3.0,3.0,3.0,3.0,3.0,3.0,3.0,3.0,3.0,64.0,48.0,53.0,62.0,53.0,56.0,63.0,55.0,61.0,75.0,57.0,71.0,64.0,44.0,48.0,50.0,50.0,58.0,65.0,71.0,7.0,6.4,5.1,6.8,6.8,44.0,57.0,51.0,48.0,36.0,39.0,2.5,1.8,3.0,2.9,1.6,3.6,2.6,1.0,2.5,2.8,3.4
LTM1050,Seher Kota,Vice President - Consulting,48.0,22-05-1973,22.0,12.0,10.0,Enterprise Sales,Finance Transformation,Operations Excellence,3,4.6,8.0,2.75,,India Only,Operational Excellence,Enterprise,Consulting,E1,CHRO,26.0,3.0,3.0,3.0,2.0,2.0,3.0,3.0,3.0,3.0,3.0,3.0,3.0,3.0,3.0,2.0,3.0,3.0,3.0,60.0,44.0,57.0,48.0,51.0,46.0,52.0,72.0,67.0,57.0,53.0,62.0,65.0,45.0,53.0,35.0,65.0,74.0,54.0,32.0,6.5,5.3,5.5,6.5,6.2,29.0,28.0,34.0,30.0,25.0,30.0,3.7,3.3,2.1,4.3,1.0,3.0,2.9,3.6,3.9,4.4,2.8
LTM1070,Taimur Sundaram,Vice President - Customer Success,47.0,21-05-1978,21.0,14.0,7.0,Cybersecurity,Talent Management,Talent Management,3,4.8,6.0,3.5,,Global,Client Management,Enterprise,Sales & Business Development,E1,CSO (Sales),26.0,4.0,4.0,3.0,4.0,3.0,3.0,3.0,3.0,3.0,4.0,3.0,4.0,3.0,3.0,4.0,3.0,3.0,3.0,59.0,50.0,56.0,56.0,52.0,63.0,61.0,43.0,42.0,63.0,51.0,62.0,67.0,46.0,45.0,76.0,62.0,55.0,49.0,54.0,5.8,7.5,6.1,7.6,6.4,30.0,35.0,19.0,37.0,36.0,43.0,1.0,3.6,3.3,3.7,2.5,3.5,1.2,3.2,1.8,1.1,1.5
LTM1084,Bhamini Bakshi,Director - Digital Transformation,47.0,20-05-1982,22.0,5.0,17.0,Talent Management,Talent Management,Innovation Office,3,4.8,2.0,11.0,,Regional,Financial Acumen,Enterprise,Technology & Engineering,M4,COO,25.0,3.0,3.0,3.0,3.0,3.0,4.0,3.0,3.0,3.0,4.0,3.0,3.0,4.0,3.0,3.0,3.0,3.0,3.0,61.0,61.0,50.0,69.0,51.0,58.0,58.0,64.0,39.0,69.0,54.0,79.0,62.0,66.0,86.0,64.0,73.0,61.0,65.0,61.0,8.3,7.1,6.8,7.1,7.7,37.0,44.0,48.0,32.0,34.0,29.0,4.2,2.6,2.8,1.2,2.4,2.8,2.1,3.3,4.5,1.5,1.5
LTM1085,Siya Doshi,Vice President - Finance,47.0,20-05-1982,21.0,11.0,10.0,Finance Transformation,Cybersecurity,Cybersecurity,3,4.8,8.0,2.625,,Global,Strategic Leadership,Enterprise,Finance & Accounting,E1,CFO,26.0,3.0,4.0,3.0,4.0,4.0,3.0,4.0,3.0,4.0,3.0,3.0,3.0,3.0,3.0,4.0,3.0,3.0,3.0,52.0,65.0,61.0,45.0,56.0,58.0,54.0,74.0,64.0,73.0,61.0,60.0,49.0,59.0,59.0,45.0,53.0,56.0,63.0,63.0,6.3,7.1,6.6,4.5,6.4,45.0,26.0,38.0,49.0,32.0,38.0,1.4,4.0,2.5,2.6,3.8,3.1,1.8,2.0,3.0,2.0,1.0
LTM1086,Hazel Yadav,Vice President - Finance,46.0,1980-04-20 00:00:00,23.0,19.0,4.0,Customer Success,Product Engineering,Product Engineering,3,4.6,8.0,2.875,,India Only,Client Management,Enterprise,Finance & Accounting,E1,CHRO,23.0,2.0,2.0,3.0,3.0,3.0,3.0,2.0,3.0,3.0,3.0,3.0,2.0,2.0,2.0,3.0,2.0,3.0,3.0,36.0,47.0,47.0,53.0,53.0,83.0,43.0,56.0,59.0,53.0,54.0,43.0,54.0,58.0,57.0,59.0,67.0,63.0,54.0,42.0,5.5,5.8,6.2,5.6,5.3,24.0,21.0,31.0,22.0,26.0,30.0,2.2,3.8,4.1,2.9,3.0,3.9,2.8,2.7,4.5,4.2,4.0
LTM1087,Aarna Konda,Vice President - Engineering,59.0,24-05-1967,37.0,14.0,23.0,Software Delivery,Software Delivery,Software Delivery,3,4.6,4.0,9.25,,India Only,Digital Transformation,Enterprise,Technology & Engineering,E1,CIO/CTO,22.0,3.0,2.0,3.0,3.0,3.0,3.0,3.0,2.0,3.0,2.0,3.0,2.0,2.0,3.0,2.0,2.0,2.0,3.0,46.0,51.0,62.0,46.0,61.0,62.0,64.0,55.0,86.0,64.0,57.0,51.0,58.0,74.0,76.0,74.0,61.0,41.0,58.0,41.0,5.4,6.8,7.0,7.3,7.0,36.0,26.0,32.0,22.0,19.0,38.0,2.7,4.2,4.4,2.9,3.9,2.8,1.8,3.5,3.0,3.0,5.2
LTM1088,Lakshit Grewal,Chief Information Security Officer,44.0,20-05-1982,22.0,18.0,4.0,Talent Management,Talent Management,Digital Transformation,3,4.8,2.0,11.0,,India Only,Digital Transformation,Enterprise,Information Security,E2,CSO (Sales),22.0,3.0,3.0,3.0,4.0,4.0,4.0,3.0,3.0,3.0,4.0,3.0,3.0,3.0,4.0,3.0,4.0,3.0,3.0,67.0,64.0,53.0,52.0,70.0,72.0,76.0,79.0,62.0,57.0,74.0,74.0,57.0,56.0,71.0,65.0,60.0,71.0,68.0,74.0,5.5,7.2,7.6,5.8,6.5,33.0,39.0,50.0,53.0,33.0,43.0,2.9,2.7,2.7,2.6,3.9,3.4,1.4,3.1,3.2,2.7,3.4
LTM1089,Zara Rout,Senior Director - Delivery,54.0,1972-04-22 00:00:00,30.0,18.0,12.0,Product Engineering,Customer Success,Customer Success,3,4.9,2.0,15.0,,Regional,Digital Transformation,Enterprise,Operations,M5,CISO,24.0,4.0,4.0,3.0,3.0,4.0,4.0,4.0,4.0,4.0,3.0,3.0,4.0,4.0,3.0,3.0,4.0,3.0,3.0,59.0,62.0,58.0,65.0,82.0,60.0,66.0,83.0,58.0,81.0,63.0,81.0,71.0,66.0,63.0,57.0,64.0,72.0,63.0,60.0,7.2,8.2,8.4,6.8,6.8,49.0,57.0,55.0,38.0,45.0,40.0,1.7,3.4,1.0,1.0,1.2,2.2,2.5,2.3,3.0,1.0,3.0
LTM1090,Ira Srivastava,Director - Cloud Infrastructure,57.0,23-05-1969,34.0,8.0,26.0,Digital Transformation,Finance Transformation,Finance Transformation,3,4.7,7.0,4.857142857142857,,India Only,Digital Transformation,Enterprise,Technology & Engineering,M4,Chief Strategy Officer,23.0,3.0,3.0,3.0,4.0,4.0,4.0,2.0,3.0,3.0,3.0,3.0,3.0,3.0,3.0,3.0,2.0,3.0,3.0,55.0,46.0,67.0,46.0,56.0,57.0,65.0,51.0,51.0,59.0,68.0,87.0,49.0,67.0,53.0,74.0,48.0,51.0,52.0,57.0,7.5,7.6,7.2,6.2,7.8,36.0,45.0,32.0,25.0,36.0,46.0,3.0,2.6,2.0,4.4,1.9,2.2,3.3,1.1,4.0,3.4,3.6
LTM1091,Aaryahi Vohra,Director - Enterprise Applications,60.0,24-05-1966,37.0,11.0,26.0,Innovation Office,Cybersecurity,Strategic Alliances,3,4.5,3.0,12.333333333333334,,India Only,Financial Acumen,Enterprise,Technology & Engineering,M4,COO,23.0,3.0,2.0,2.0,3.0,3.0,3.0,3.0,3.0,3.0,3.0,2.0,2.0,3.0,2.0,3.0,2.0,2.0,3.0,61.0,42.0,59.0,47.0,52.0,66.0,60.0,60.0,71.0,45.0,42.0,51.0,56.0,35.0,56.0,53.0,60.0,56.0,46.0,58.0,7.1,5.9,6.1,4.7,5.6,26.0,32.0,25.0,28.0,23.0,33.0,4.1,4.0,3.7,2.3,3.1,3.3,3.3,3.8,5.0,4.4,2.8
LTM1092,Ayesha Sankar,Vice President - Product Management,46.0,1980-06-20 00:00:00,22.0,20.0,2.0,Business Consulting,Operations Excellence,Customer Success,3,4.8,8.0,2.75,,Global,Change Management,Enterprise,Technology & Engineering,E1,CFO,24.0,3.0,3.0,3.0,4.0,4.0,3.0,3.0,3.0,3.0,3.0,3.0,3.0,3.0,3.0,3.0,3.0,3.0,2.0,64.0,47.0,60.0,63.0,65.0,47.0,58.0,76.0,76.0,69.0,62.0,55.0,72.0,63.0,70.0,59.0,57.0,60.0,61.0,64.0,6.9,6.3,8.6,9.3,7.7,28.0,32.0,41.0,47.0,29.0,37.0,2.7,3.3,2.2,1.1,3.1,3.6,2.5,2.9,2.1,1.8,3.5
LTM1002,Veer Dave,Director - Cloud Infrastructure,48.0,21-05-1978,22.0,15.0,7.0,Enterprise Sales,Enterprise Sales,Enterprise Sales,3,4.8,6.0,3.6666666666666665,,Regional,Operational Excellence,Enterprise,Technology & Engineering,M4,COO,26.0,3.0,3.0,4.0,3.0,4.0,4.0,3.0,3.0,3.0,3.0,3.0,3.0,3.0,3.0,3.0,3.0,3.0,3.0,63.0,57.0,77.0,74.0,67.0,64.0,60.0,48.0,58.0,62.0,63.0,71.0,76.0,60.0,60.0,81.0,68.0,57.0,59.0,59.0,7.6,8.0,9.6,7.8,8.1,27.0,36.0,48.0,42.0,8.0,44.0,4.1,1.0,3.7,1.0,3.2,2.4,1.0,2.8,3.4,2.7,2.9
LTM1023,Anya Rege,Chief Information Security Officer,47.0,21-05-1979,21.0,9.0,12.0,Data & Analytics,Data & Analytics,Data & Analytics,3,4.5,5.0,4.2,,India Only,AI Strategy,Enterprise,Information Security,E2,CHRO,26.0,2.0,2.0,3.0,4.0,3.0,2.0,2.0,2.0,2.0,2.0,3.0,2.0,3.0,3.0,2.0,2.0,2.0,2.0,52.0,54.0,56.0,55.0,50.0,55.0,62.0,51.0,55.0,50.0,46.0,63.0,53.0,62.0,59.0,55.0,49.0,47.0,36.0,56.0,6.1,6.6,5.4,7.4,5.6,25.0,25.0,19.0,42.0,41.0,36.0,2.9,5.3,3.4,3.4,5.0,4.3,5.7,3.9,3.3,3.1,2.0
LTM1079,Anahita Seshadri,Senior Director - AI & Data,48.0,23-05-1968,21.0,6.0,15.0,Business Consulting,Finance Transformation,Business Consulting,3,5.0,2.0,10.5,,Regional,Financial Acumen,Enterprise,Technology & Engineering,M5,COO,27.0,4.0,4.0,4.0,4.0,4.0,4.0,4.0,4.0,4.0,3.0,4.0,3.0,4.0,4.0,3.0,4.0,4.0,4.0,76.0,71.0,68.0,74.0,66.0,98.0,68.0,68.0,49.0,61.0,77.0,59.0,50.0,72.0,86.0,72.0,63.0,47.0,71.0,73.0,6.9,9.3,9.0,9.3,8.8,49.0,48.0,50.0,31.0,33.0,39.0,1.4,1.8,1.8,2.5,2.5,1.0,1.7,1.0,1.3,1.8,1.0
LTM1096,Aayush Goswami,Director - Cloud Infrastructure,46.0,20-05-1980,23.0,8.0,15.0,Data & Analytics,Cloud Operations,Cloud Operations,3,4.5,4.0,5.75,,India Only,Financial Acumen,Enterprise,Technology & Engineering,M4,CISO,23.0,3.0,3.0,2.0,4.0,3.0,3.0,2.0,3.0,2.0,2.0,3.0,3.0,2.0,3.0,3.0,3.0,2.0,3.0,65.0,46.0,49.0,37.0,40.0,47.0,52.0,70.0,58.0,43.0,45.0,72.0,70.0,59.0,54.0,69.0,42.0,56.0,75.0,54.0,5.9,6.8,6.1,5.4,7.0,39.0,29.0,29.0,25.0,30.0,28.0,2.8,5.4,4.1,4.2,4.5,4.4,3.3,3.9,3.4,4.1,4.0
LTM1097,Oorja Verma,Senior Director - AI & Data,46.0,20-05-1980,23.0,17.0,6.0,Customer Success,Strategic Alliances,Strategic Alliances,3,4.4,7.0,3.2857142857142856,,Regional,AI Strategy,Enterprise,Technology & Engineering,M5,Chief Strategy Officer,23.0,2.0,2.0,2.0,3.0,2.0,3.0,3.0,3.0,2.0,2.0,2.0,2.0,2.0,2.0,2.0,2.0,2.0,2.0,49.0,35.0,44.0,47.0,49.0,54.0,64.0,57.0,59.0,64.0,55.0,55.0,66.0,66.0,62.0,41.0,41.0,47.0,57.0,49.0,7.0,7.2,7.1,7.1,5.3,32.0,25.0,17.0,27.0,38.0,32.0,5.9,4.3,6.3,4.3,4.1,3.0,5.1,3.7,3.5,5.3,5.2
LTM1055,Sana Sodhi,Chief Information Security Officer,48.0,1975-06-02 00:00:00,21.0,13.0,8.0,Product Engineering,Product Engineering,Business Consulting,3,5.0,4.0,5.25,,Regional,Change Management,Enterprise,Information Security,E2,Business Unit Head,27.0,4.0,4.0,4.0,4.0,4.0,4.0,4.0,4.0,4.0,4.0,4.0,4.0,4.0,4.0,4.0,4.0,4.0,4.0,70.0,71.0,67.0,63.0,64.0,67.0,83.0,64.0,67.0,57.0,73.0,86.0,88.0,74.0,78.0,70.0,71.0,69.0,67.0,67.0,8.1,7.5,7.6,9.1,9.9,36.0,35.0,37.0,43.0,50.0,48.0,1.7,2.0,1.0,1.3,1.5,1.0,1.0,1.0,2.2,1.7,2.0
LTM1052,Chirag Walia,AVP - Human Resources,48.0,1977-06-11 00:00:00,21.0,18.0,3.0,Business Consulting,Business Consulting,Business Consulting,3,4.7,7.0,3.0,,Global,People Leadership,Enterprise,Human Resources,M5,CSO (Sales),27.0,2.0,2.0,3.0,2.0,3.0,2.0,3.0,2.0,3.0,4.0,3.0,4.0,2.0,3.0,3.0,3.0,2.0,3.0,48.0,74.0,58.0,42.0,72.0,55.0,75.0,74.0,54.0,61.0,63.0,71.0,60.0,58.0,54.0,56.0,69.0,56.0,52.0,50.0,5.9,5.3,5.8,7.6,6.2,40.0,18.0,39.0,34.0,32.0,36.0,2.5,1.1,3.8,3.2,2.7,2.1,1.7,3.2,4.4,3.2,1.7
